Bedrooms,Bathrooms,Price,Areasqft
3,3,349000,23086.8
3,1,225000,1450
3,1,15000,5227
3,1,125000,9148
3,2,199900,9148
3,2,264900,34848
3,1,109000,18730.8
3,2,185000,10454.4
3,1,125000,91476
3,1,85000,8276
3,2,85120,4269
3,2,137900,26136
3,2,212900,13503.6
4,2,189900,22215.6
3,2,319900,13503.6
4,2,169900,10018.8
3,2,320000,7841
3,2,349900,86248.8
3,1,90000,6970
3,2,1100000,3485
3,2,287999,10890
3,1,225000,1170
3,2,399000,63597.6
3,2,339000,11761.2
5,3,374900,30056.4
4,3,299325,15681.6
3,2,319900,14810.4
4,2,239900,21780
3,2,369000,38332.8
1,1,115000,522
4,2,275000,5227
3,2,272000,12632.4
4,2,365000,7405
3,3,879000,1621
4,2,875000,4792
4,2,292870,2347
5,3,950000,8276
3,3,760000,1539
4,3,418000,8276
5,3,975000,9583
5,3,950000,9583
4,2,251250,1559
3,2,115000,43560
3,2,159000,82764
4,3,425000,16552.8
3,2,157900,435600
3,2,100000,43560
4,3,250000,2484
4,2,485900,927828
3,2,199999,43560
3,2,115000,127630.8
3,2,289900,136778.4
3,2,152500,17424
4,3,249000,26136
4,2,400000,41382
3,2,209900,1452
4,3,174900,35719.2
3,2,99900,43995.6
3,2,240000,14810.4
4,2,485000,15681.6
2,2,112000,52707.6
7,4,374900,37461.6
2,1,275000,43560
3,2,119900,216057.6
5,4,864900,91911.6
3,1,95000,1698
4,3,365000,60984
5,3,375000,348480
3,2,199900,22651.2
4,3,179900,52272
5,3,524900,139392
3,2,270000,10454.4
5,4,264500,27442.8
3,2,85000,19602
3,2,215000,43560
3,2,450000,4792
5,4,500000,14810.4
3,2,229000,65340
4,3,345000,21780
5,3,499900,77101.2
4,2,245000,41382
5,3,139000,17859.6
3,1,49900,113256
4,2,169900,44866.8
3,2,135000,86248.8
3,1,159900,19166.4
4,2,294900,6350
3,2,235000,26136
6,3,849900,28749.6
4,3,359900,16117.2
4,2,85000,20908.8
3,2,372400,19602
4,3,261000,22215.6
3,2,204540,5968
5,4,826100,3991
3,2,65000,10454.4
3,2,204900,36154.8
4,2,299900,22651.2
4,2,225400,5968
2,2,219000,2975
4,2,339900,21780
3,2,275000,5449
3,2,385000,15246
3,2,92500,6970
3,2,205400,6795
5,4,589000,43560
6,5,950000,64904.4
2,1,39000,15681.6
4,3,249900,348480
3,1,84900,6534
3,2,295000,40510.8
3,2,125000,43560
4,3,159500,14810.4
3,2,524448,34412.4
3,3,209900,216057.6
3,2,165000,87120
4,2,294900,75358.8
2,2,567500,1308
2,1,330000,792
4,3,699000,23522.4
2,1,36000,18730.8
3,2,175000,17859.6
4,4,1199500,23958
4,2,319900,6579
4,3,307000,10454.4
2,2,175000,28749.6
3,2,175000,10018.8
5,3,485000,21780
4,3,464800,2601
3,1,99900,6534
4,2,379900,78408
5,3,699000,14810.4
8,7,3650000,18730.8
3,1,144000,9148
2,2,75700,1396
3,2,299900,21780
3,2,345000,129808.8
2,1,130000,9148
5,3,429000,40946.4
3,2,110000,12196.8
3,2,229900,5663
3,1,189999,2035
4,2,424999,56628
3,1,119900,7841
3,2,174500,15681.6
4,4,235000,1877
3,1,285000,130680
3,2,350000,12196.8
4,2,120000,10018.8
3,2,238000,30492
3,1,49900,1040
4,3,1100000,16552.8
3,2,150000,10890
4,2,275000,12196.8
3,1,145000,14810.4
3,1,42000,43560
2,1,130000,163350
3,2,275000,33541.2
2,1,179000,217800
3,2,95000,7405
3,2,119900,14810.4
3,2,250000,20037.6
3,2,194900,304920
3,2,275000,1416
3,2,175000,20473.2
3,2,185000,7405
4,3,375000,156816
4,3,306000,3280
5,3,449888,83199.6
4,2,310000,14810.4
4,2,269000,1001880
3,1,59000,6914
2,1,42000,5227
3,2,239900,21344.4
3,3,449900,8850
3,2,192000,1422
3,2,379000,3485
4,2,310000,25264.8
3,2,349900,174240
3,3,999900,130680
4,3,599000,46609.2
3,2,419000,16988.4
4,3,320000,3485
4,2,799000,37461.6
2,2,309900,1018
3,2,294900,21780
3,2,305000,8712
3,2,375000,28749.6
4,2,365000,12196.8
4,2,265000,6970
2,2,325000,925
3,3,435000,1350
2,2,310000,750
4,3,649500,3100
4,3,1295000,19602
3,2,295397,10018.8
4,1,109900,43560
3,1,144500,43560
3,3,349000,11325.6
3,2,120000,29620.8
3,2,180000,14810.4
2,2,269000,130680
3,2,299900,13068
3,1,155000,27442.8
3,2,145000,187308
3,2,389900,43995.6
3,2,230000,6000
3,2,246000,34848
3,2,230000,18295.2
3,2,374500,22215.6
4,2,174900,21780
3,2,329900,217800
3,2,100000,4792
5,3,450000,20908.8
2,2,179900,1039
4,1,185000,24393.6
3,1,170000,13503.6
3,2,174500,22215.6
3,2,379900,20037.6
4,2,369900,21780
4,3,994000,37461.6
4,3,350000,12632.4
3,1,259900,237402
3,1,229000,1355
3,2,349900,22651.2
3,2,329900,8820
4,4,1500000,30056.4
2,2,249900,1072
5,4,575000,20908.8
2,2,239900,5663
5,2,376150,2632
3,2,299000,5227
5,2,332317,2632
3,2,334900,2065
3,2,269900,1971
3,2,279900,1988
3,2,279900,1988
3,2,269900,1971
4,2,210000,14810.4
4,3,135000,43560
4,2,247000,54450
3,2,279500,27878.4
3,2,245000,5663
3,2,169900,14810.4
4,3,450000,43560
4,5,1690000,6000
3,2,207000,1307
4,3,449000,32670
3,2,137000,2560
3,2,269999,85813.2
3,1,115000,15246
4,2,208900,32670
4,3,295000,130680
3,2,289900,13939.2
4,4,514900,22651.2
4,3,179900,16552.8
4,3,375000,23522.4
3,2,290000,15246
4,2,369000,566280
3,1,169900,169884
4,4,275000,50529.6
3,2,319900,12196.8
3,2,179000,50529.6
5,3,569500,224769.6
4,2,245000,81021.6
3,2,99900,58806
3,2,185000,43560
3,1,132000,16552.8
3,2,199900,13068
3,2,119900,16117.2
3,1,154900,88426.8
4,1,129000,10018.8
2,1,137147,47916
4,4,359150,15681.6
4,3,355000,19166.4
4,2,349900,130680
3,2,106500,8795
5,3,369900,57063.6
3,1,349900,21780
3,2,315000,13503.6
4,2,297400,1774
4,2,303400,1774
5,3,321395,2511
5,3,353400,2511
4,2,374900,2830
3,2,438010,2175
3,2,244900,1272
3,2,244900,1272
3,2,244900,1272
3,2,244900,1272
4,2,284900,1774
4,2,289900,1774
4,2,286395,1774
4,2,339800,2414
4,2,274900,1774
4,2,274900,1774
4,2,274900,1774
4,3,314900,2108
4,2,306900,1497
4,3,358900,2304
4,3,395276,2486
4,2,294900,1791
4,2,294900,1787
4,2,295364,1787
4,2,292364,1787
4,2,295364,1791
5,3,341900,2511
4,2,254900,1649
4,2,268900,1649
4,2,349400,1885
4,3,401475,2495
5,3,471882,3076
4,3,349900,2785
4,3,324900,2304
5,2,379500,2632
4,2,395400,2815
4,2,398400,2815
5,3,377500,2511
5,3,376500,2511
5,2,375100,2632
5,2,359900,2618
4,2,372900,2806
5,3,353200,2511
4,2,286395,1774
4,3,485792,2912
5,3,505856,3025
5,2,363900,2632
3,2,498890,2584
3,2,479700,2584
5,3,519700,2511
5,3,519200,2511
4,2,371483,2830
2,1,140000,17859.6
3,2,143000,10890
3,2,260000,19602
4,2,310000,91040.4
4,1,129900,13503.6
3,2,184999,8276
3,1,129900,1100
4,2,399000,8712
3,2,100000,77972.4
3,2,339000,1001880
4,2,363000,28749.6
5,3,359900,2657
3,2,115000,19602
3,2,199900,3560
3,2,325000,8276
3,3,390000,19166.4
3,2,340000,8276
2,2,369000,1862
4,2,355000,13939.2
4,2,250000,12632.4
3,1,69900,15681.6
3,2,259000,11325.6
2,1,67000,6098
3,2,221170,9000
4,4,351900,8276
2,2,209000,2080
3,1,75000,39204
4,2,289900,1787
3,2,200000,218235.6
3,2,449000,43560
2,2,425000,808
2,2,179000,1136
2,1,47900,7500
4,3,343980,2092
3,2,271900,1497
4,2,266395,1497
4,2,265900,1497
4,3,411025,2785
4,2,294900,1497
4,3,412725,2785
4,3,482568,2785
4,3,401622,2785
4,3,423722,2785
4,2,437250,2355
3,2,264400,1272
3,2,237400,1272
3,2,255900,1272
4,2,279900,1791
3,2,279900,1272
4,3,383428,2304
4,3,384900,2496
4,2,294900,1791
4,2,272333,1787
4,2,326900,1774
4,2,321900,1774
4,2,319900,1774
4,2,334900,1774
4,2,339900,2174
4,2,349900,1859
4,2,279900,1649
4,2,279900,1649
4,2,375900,2315
4,2,333285,1986
5,3,379900,2511
4,3,374900,2273
4,3,384900,2273
4,2,398035,2204
4,2,341800,2414
4,3,414933,2740
4,2,343900,1885
5,3,467932,3113
4,2,288400,1774
3,2,175900,5663
3,1,120000,9583
3,2,419900,174240
2,1,129900,8102
2,2,69900,15681.6
3,2,269000,22651.2
3,2,160000,20473.2
4,2,305400,2174
2,1,75000,43560
5,3,442850,15681.6
4,2,525000,27442.8
2,1,25000,917
4,2,328000,2255
3,3,94900,6970
3,2,375000,1983
2,1,49900,7405
4,4,3195000,3504
3,1,149900,108900
3,2,135000,8276
1,1,112000,576
3,2,218740,6534
3,2,267815,9148
2,1,89900,54450
3,1,175000,43560
3,2,200000,16117.2
4,4,425000,10454.4
3,2,240000,5663
4,3,485900,12632.4
3,2,240000,10454.4
2,2,429000,916
4,3,949900,32234.4
3,2,349900,10890
3,2,314900,1742
3,3,747500,1250
3,2,190000,9583
3,2,215000,16988.4
3,2,130000,16988.4
3,1,149900,9548
3,1,42000,8146
4,2,289900,52272
3,3,1900000,13068
3,2,224980,1446
3,1,1900000,8712
3,2,389900,43560
4,2,310000,22215.6
5,4,799900,33976.8
3,2,275000,27007.2
3,1,170000,13503.6
3,2,299900,109771.2
4,3,329900,16552.8
5,3,449900,871200
1,1,250000,608
3,2,79900,6970
5,3,1108620,26136
4,3,224900,194713.2
3,1,25000,9583
2,1,330000,792
4,2,269000,522720
3,2,255000,21344.4
4,2,179000,12196.8
3,2,284900,9148
5,4,800000,95832
3,2,179900,20908.8
3,2,315000,130680
4,2,144900,11325.6
4,3,649500,3100
5,2,285000,2862
4,3,359900,16117.2
4,2,276100,1791
3,2,275000,871200
4,3,479900,27878.4
5,3,279900,24393.6
4,3,1295000,19602
3,2,325000,91476
3,2,149000,24829.2
3,2,249000,61419.6
3,2,32900,9901
3,2,194900,15681.6
3,2,334900,2065
3,2,372400,19602
3,2,269900,1971
4,3,560000,17859.6
4,2,299900,22651.2
4,2,150000,510958.8
4,2,285000,14810.4
3,2,269900,1971
3,2,279900,1988
3,2,279900,1988
3,2,79900,166399.2
1,1,24000,91476
3,2,65000,37461.6
4,3,195000,36590.4
3,2,70000,9583
3,1,154900,426888
3,1,65000,11325.6
3,2,249000,16117.2
5,3,299000,448668
3,2,159900,13939.2
4,2,209000,43560
4,2,143000,12632.4
3,2,175000,12196.8
3,2,369000,16988.4
3,2,259900,31363.2
4,3,395000,13068
3,2,179000,14810.4
3,2,242000,19602
3,1,125000,9583
3,2,289900,15681.6
3,2,124900,1250
4,2,289900,18295.2
4,2,135000,1768
4,2,135000,1768
4,2,292500,13068
5,4,649000,30056.4
4,2,325000,10018.8
5,4,999900,24829.2
2,2,189900,950
5,4,524900,23086.8
5,4,438500,3292
5,3,394900,17859.6
3,2,295000,6534
4,2,135000,1653
4,2,135000,1653
4,2,350000,13068
3,2,539900,7841
3,2,319900,18295.2
3,2,450000,928
3,2,342500,1887
5,4,590805,3473
4,2,309900,26136
2,1,1,6600
3,1,100000,1292
4,2,374900,16117.2
3,2,279900,20037.6
3,3,399900,1600
5,2,176500,23086.8
2,1,135000,11761.2
5,4,569850,11325.6
3,2,409900,17859.6
2,1,135000,10018.8
2,1,135000,17859.6
3,2,149000,1918
5,1,20000,3920
3,2,119000,5663
4,2,269900,16552.8
6,5,649850,11325.6
2,2,159900,34848
3,2,210000,27442.8
3,2,365000,23086.8
3,3,1379000,1770
3,1,18900,3311
3,2,127500,326700
3,3,890000,392040
4,3,395000,6970
3,2,374950,60984
4,3,449500,25264.8
4,2,390000,6534
3,2,249000,261360
3,2,87000,130680
1,1,475000,682
3,2,274900,5663
3,3,294315,27007.2
3,2,215000,14810.4
4,2,235000,1779
4,2,775000,869457.6
3,2,160000,1440
3,2,460000,26571.6
5,2,119900,39204
2,1,74900,217800
4,2,289900,1774
4,2,179900,16552.8
2,1,64600,248292
4,2,278900,13503.6
3,2,175000,12196.8
3,2,450000,3354120
3,2,310700,304484.4
4,2,75000,410770.8
5,3,379000,435600
6,2,99900,2450
4,2,272000,382892.4
3,1,109900,9148
5,4,415000,14374.8
4,3,480700,2590
4,2,330250,1815
4,2,330400,1815
4,2,329605,1815
4,2,353000,2306
3,2,347750,2033
3,2,347400,2033
3,2,345250,2033
4,3,445755,2969
4,3,379099,2751
4,4,476646,3160
4,4,465828,3489
4,3,384609,2597
4,3,404728,2751
3,2,294999,1746
3,2,380000,376794
4,2,362900,2516
4,2,339900,2306
4,3,420722,2785
4,2,292445,1774
4,2,287400,1497
4,2,284400,1497
4,3,408367,2785
4,3,419900,2702
4,3,384900,2496
4,2,303400,1774
5,2,315395,2618
3,2,288395,2164
3,2,287395,2175
4,2,285395,1774
4,2,329900,1774
4,2,329900,1774
5,3,320395,2511
4,2,274895,1774
4,2,332900,1774
4,2,334900,1774
4,2,375900,2315
3,2,448700,2175
4,3,404900,2531
4,3,458900,2590
4,2,480700,2632
5,2,344900,2618
5,3,357900,2511
4,3,406900,2543
5,3,356900,2511
5,3,356900,2511
4,2,326152,1835
4,3,394220,2486
4,3,398328,2304
4,3,398328,2304
3,2,314900,1764
3,2,314900,1764
3,2,316900,1764
3,2,316900,1749
3,2,314900,1749
3,2,316900,1764
4,2,331900,2174
4,2,331900,2174
4,2,329900,2174
4,2,331900,2174
4,2,331900,2174
4,2,331900,2174
4,2,329900,2174
5,3,377000,2511
5,3,388470,2409
5,3,389570,2409
3,2,79900,4555
4,2,289900,33976.8
2,1,130000,37461.6
2,1,19900,178596
3,2,210000,10018.8
3,2,200000,1954
3,2,169900,15246
3,1,98000,1301
4,3,309900,69260.4
4,3,475000,28749.6
3,2,208000,5685
4,3,399900,60112.8
3,2,174900,14810.4
3,2,239000,17859.6
3,2,215000,13068
2,2,220000,4356
4,2,485900,927828
3,2,259900,30056.4
3,2,249700,7841
3,2,325000,6970
3,2,275000,1652
5,3,469900,10890
4,2,314900,25700.4
3,1,588060,43560
2,1,359000,1247
4,2,314900,20473.2
4,2,279000,6534
4,2,299800,8712
3,2,334260,1846
3,2,336182,10454.4
5,3,352900,2511
4,2,286349,2047
4,3,482568,2785
4,3,482568,2785
4,3,425722,2785
4,2,286349,2047
4,2,373050,2314
4,2,80000,196020
3,1,180000,43560
4,3,229900,20037.6
3,2,329500,1320
3,2,199000,15246
3,2,235000,6970
5,4,345000,63162
3,1,94900,178596
3,1,199000,7841
3,2,149000,313632
4,3,299900,17859.6
4,2,267500,20908.8
5,3,245000,43560
3,2,277563,42253.2
5,4,569900,871200
3,2,179900,60548.4
5,4,539900,37897.2
3,2,219000,1500
5,5,525000,209088
3,2,285000,21780
5,3,559900,9583
4,3,575000,3049
3,2,179900,1196
4,3,689900,8276
3,2,219900,1290
3,2,219900,32670
3,1,135000,43560
3,2,165000,248292
3,2,175000,14810.4
4,3,299000,2968
4,2,239500,45738
2,1,83500,12632.4
3,2,469900,145490.4
4,3,389000,2338
4,3,378000,2778
3,2,79900,33105.6
3,2,119900,1842
3,2,599999,47480.4
3,2,289900,94960.8
9,1,3490000,479160
3,1,95900,20908.8
3,2,225000,174240
3,2,234900,31363.2
5,3,399000,56628
4,5,494831,300564
4,2,265150,1635
3,2,149000,16552.8
4,3,380000,30056.4
5,3,879900,348480
3,2,300000,1755
4,2,235900,14374.8
7,4,1300000,71002.8
4,3,425000,130680
4,2,379900,6534
3,2,375000,6534
4,3,135000,16117.2
4,1,129900,43995.6
3,2,449900,1978495.2
2,1,144900,17859.6
2,1,89000,1145
4,3,594900,397267.2
3,2,135000,37461.6
3,2,240000,37461.6
3,2,79900,94525.2
3,2,129900,130680
3,1,149900,1215
4,3,439900,13503.6
4,3,399000,25700.4
3,2,245000,13068
4,2,310000,17424
4,3,170000,126324
3,2,275000,22651.2
3,2,210000,17859.6
3,2,290000,347608.8
3,2,405000,17424
3,2,375000,315374.4
3,2,178000,22215.6
3,2,235000,10454.4
3,2,425000,4792
5,4,1469000,15246
5,4,379900,217800
4,3,484900,130680
4,3,629900,87120
2,1,29900,8843
3,2,248000,11325.6
3,2,99900,17859.6
3,2,194900,3485
4,2,154900,177724.8
2,1,129900,43560
6,5,2400000,4784
3,2,245000,8712
2,1,15000,6970
4,3,799900,23086.8
1,3,379000,2114838
4,3,689900,261360
3,2,209900,174240
3,3,112000,20037.6
3,2,219900,108900
3,2,239000,254390.4
4,3,409000,12632.4
4,3,410000,43560
2,1,244999,13068
4,3,550000,1176120
3,2,104000,65340
3,2,330000,20908.8
3,3,575000,60112.8
3,2,87500,81457.2
3,2,139900,43560
3,2,345000,189050.4
4,2,699500,264844.8
4,4,924900,21780
7,6,239000,45738
3,2,295000,23958
7,4,650000,102366
3,2,390000,14810.4
4,3,646500,27442.8
3,2,589000,20037.6
4,3,349900,23522.4
4,3,299900,84506.4
3,2,149900,479160
3,2,229900,10018.8
3,2,130000,23522.4
3,2,215000,43560
2,1,150000,12632.4
4,2,54900,2240
3,1,52000,8276
3,2,276900,15246
4,4,239900,130680
3,3,298000,87555.6
3,1,105000,7841
3,2,280000,22215.6
4,2,197500,21780
3,2,199900,13068
3,1,173900,24829.2
2,1,49000,6534
4,3,289000,46173.6
7,4,165000,15246
4,3,399000,25700.4
3,2,314900,1816
4,3,230000,10890
4,2,115000,7009
4,2,369000,14374.8
2,2,159900,972
2,2,149900,1066
4,2,299490,1815
4,2,294490,1815
4,2,379900,10018.8
3,2,289900,1524
3,2,359900,16552.8
4,3,549900,110206.8
3,2,285000,12196.8
3,2,284900,1370
4,3,419900,13503.6
5,3,375000,8712
3,2,275490,10890
3,2,325000,6098
4,2,372500,2127
4,3,450000,8100
3,2,228790,5663
3,2,309490,2033
4,4,1156000,3023
3,2,515000,8276
4,2,149900,113256
3,2,249900,40510.8
3,2,165000,69260.4
3,1,70000,6098
3,1,161200,20037.6
4,2,239000,54450
3,2,174900,14810.4
3,2,195000,23086.8
5,6,1100000,313632
3,1,249999,696960
4,2,190000,10890
3,2,249900,100188
3,2,135900,13939.2
3,2,165000,11761.2
3,2,219900,43560
3,2,225000,19602
3,2,130000,14810.4
4,1,159900,14810.4
5,3,349900,2876
3,1,65500,7841
3,2,199219,34412.4
5,3,524900,139392
4,2,369900,2293
3,2,229900,10018.8
4,3,495000,144183.6
4,4,477700,11325.6
4,1,217000,44866.8
3,2,159900,10890
6,5,2850000,4468
4,2,308900,1768
1,1,315000,1100
4,3,349900,8712
4,3,649000,13939.2
3,3,294900,1065
4,3,454000,81457.2
4,2,475700,2806
5,3,499900,2932
4,3,599900,2128
5,3,634900,16117.2
3,2,329000,9148
3,2,199900,18730.8
4,3,449500,71002.8
4,2,260900,10454.4
4,3,479000,10890
3,2,249000,121968
3,2,184900,14810.4
3,2,379900,1660
3,2,550000,3539
5,4,1799000,60112.8
3,2,427250,2575
5,2,363900,2618
3,2,435880,2586
3,2,440750,2586
4,2,374250,2830
3,1,111000,436
3,1,59900,6098
3,1,129000,436
3,2,262000,1823
5,3,391090,2409
3,1,95000,1698
4,2,169900,1996
4,2,332400,1815
3,2,345400,2033
4,4,470489,13503.6
4,4,515340,13068
4,2,399900,2151
4,2,274400,1497
4,2,285400,1497
3,2,258400,1272
5,2,317900,2632
3,2,264400,1272
4,2,286395,1774
4,2,372900,2806
3,2,264900,1650
3,2,264900,1650
4,2,302900,1497
5,3,354900,2511
5,2,364900,2618
4,2,294900,1497
3,2,351900,2175
3,2,269900,1650
4,2,274900,1791
4,2,295364,1787
5,2,372300,2632
4,2,351986,2146
4,2,279900,1791
4,3,360650,2304
4,3,385580,2751
4,2,295364,1791
4,4,437853,3160
4,3,370900,2486
4,3,399899,2667
4,3,419900,2203
4,3,395706,2486
4,3,395706,2486
4,3,484999,2969
3,2,289900,1641
3,2,389900,1913
4,2,169900,130680
3,2,30000,16117.2
3,2,139000,10018.8
3,2,199900,18730.8
3,1,124900,121968
3,2,170000,21780
4,2,400000,41382
3,2,290000,7841
3,2,289900,16117.2
4,3,560000,16552.8
4,2,324900,1774
5,3,529390,2932
3,2,249400,1392
3,2,262400,1343
4,3,396300,2543
3,2,267400,1392
4,2,294400,1649
4,2,300400,1649
3,2,269900,1392
5,3,341900,2511
4,2,281900,1649
3,2,369900,2183
4,2,308901,1649
4,2,375900,2315
4,3,406400,2543
4,2,318900,1649
4,2,344900,1885
4,3,399900,2543
4,3,417900,2710
5,4,439900,2790
4,2,398400,2815
4,2,398800,2815
5,4,437900,2800
5,3,377500,2511
5,3,375900,2511
4,2,341800,2414
4,2,343500,2402
3,2,259900,47044.8
3,2,260000,26136
3,1,189000,18730.8
3,2,199900,10454.4
3,2,189000,1672
3,2,250000,9226
4,3,389000,26571.6
2,1,149900,1026
3,2,154900,14810.4
3,2,350000,16117.2
3,2,349900,17859.6
3,2,489000,6000
3,1,299900,21780
3,2,264400,1272
5,3,1900000,89298
4,2,283400,1497
3,2,257900,1272
4,2,252900,10454.4
3,2,699999,4268880
3,2,333760,1846
4,2,296900,1497
4,2,353000,2306
5,3,559900,9583
4,3,433622,2785
4,3,375480,2486
4,2,302476,2031
4,3,425722,2785
4,2,441250,2306
4,3,420722,2785
4,2,262900,7841
3,2,317710,1765
3,2,372970,1925
4,2,377390,1961
4,2,424860,2314
3,2,334900,2510
3,2,385000,11325.6
3,2,229000,1374
3,2,247500,10890
3,2,169900,10018.8
5,4,498900,14810.4
3,3,229000,200811.6
4,2,118500,91476
3,2,210000,653400
4,5,899900,44866.8
4,2,159000,7405
4,2,131500,1247
3,2,109000,37897.2
2,1,29900,16117.2
4,3,479900,12632.4
3,2,119900,130680
3,2,355000,2800
4,2,250000,10890
3,2,355000,43560
4,3,349900,14810.4
4,3,375000,11325.6
3,2,280000,3575
6,4,230265,26136
3,2,280000,22215.6
3,2,179900,871
3,2,249900,8276
3,2,540000,35283.6
3,2,249000,30492
5,2,350000,609840
5,5,369000,9583
6,5,787000,34848
4,3,517600,33105.6
2,1,59900,3485
5,3,495000,15246
3,2,125000,16117.2
5,4,899000,38332.8
3,2,259900,21780
3,2,240000,6098
4,2,279000,82764
3,2,149900,30492
5,2,198000,24829.2
3,1,149900,10454.4
3,2,159900,15246
3,2,209900,174240
3,1,80000,11761.2
3,1,129900,15681.6
3,2,159000,82764
3,1,79000,13068
4,2,224900,23958
2,1,53900,8276
3,2,156000,13503.6
2,1,89900,7405
4,3,199000,2464
3,1,139000,988
3,2,249900,10018.8
3,2,174900,10890
3,3,729900,213444
3,2,395000,426888
4,2,250000,3001
3,2,169900,18295.2
3,2,274900,21344.4
3,2,290000,6098
4,2,399900,2422
4,3,689900,13939.2
3,2,225000,8712
3,2,259900,21780
5,3,362000,12632.4
4,3,1795000,23522.4
3,3,555000,5706
3,2,505900,18295.2
3,2,283000,7405
3,4,658507,1507
3,2,450000,8712
4,2,780000,222156
4,4,950000,1981
3,2,385000,8712
3,2,524900,2708
4,3,695000,3087
4,3,729900,11761.2
3,2,530775,8276
4,3,633086,8276
3,2,160000,12632.4
2,1,59000,6970
4,2,378600,11325.6
5,4,414900,7841
4,3,657000,8276
3,1,115920,14810.4
4,2,319900,191228.4
4,3,492689,16988.4
3,2,189900,11761.2
4,2,190200,20037.6
3,2,343796,11761.2
3,3,849000,374180.4
3,2,248000,16988.4
4,2,307740,10454.4
4,2,400000,13503.6
3,2,336077,1412
3,2,272000,7420
3,2,339000,7841
2,2,2050000,2218
3,1,48999,8712
3,1,38900,20037.6
3,2,99999,129373.2
3,3,2575000,2582
3,1,305000,1648746
6,5,1100000,10018.8
5,4,899900,14374.8
5,3,424900,33105.6
4,3,376180,14374.8
4,3,370180,10454.4
3,3,1895000,1991
1,1,214900,555
1,1,214900,555
3,3,324900,436
4,3,1400000,583268.4
3,3,1735000,1826
3,2,210000,17859.6
1,1,875000,921
3,2,190000,16117.2
2,2,395000,392040
5,5,2950000,59677.2
3,3,695000,22215.6
5,4,864900,91911.6
4,2,374900,126759.6
6,6,1229000,222156
3,2,69900,26136
4,2,297000,2074
3,2,149000,16117.2
4,2,325000,15681.6
3,2,195000,1800
3,2,244000,27007.2
3,3,695000,187308
2,2,419000,12632.4
3,3,399000,87120
3,2,309900,5663
3,2,162000,12632.4
3,2,315000,43560
3,2,266000,1915
3,2,244900,32234.4
5,3,420000,6098
4,2,235000,1779
2,1,140000,9348
4,3,950500,261360
3,2,99900,26136
4,3,199950,16988.4
3,2,174900,4356
3,3,399000,2811
3,1,175000,20473.2
4,2,299900,54450
3,2,239500,18295.2
3,2,374900,217800
5,4,449900,13068
4,2,229900,27007.2
7,7,3900000,79279.2
3,2,242000,9148
3,2,133600,18730.8
3,2,199050,6098
2,1,83900,87120
3,2,189333,13068
5,3,299900,43560
5,3,329900,245678.4
5,2,219000,9148
2,2,169900,28314
3,2,220000,12196.8
3,2,67600,26136
2,1,20000,12196.8
3,2,329900,43560
4,2,239900,13939.2
3,2,175000,14810.4
3,2,250000,6970
4,2,475000,26136
3,1,65000,10890
4,3,450000,392040
3,2,205000,7935
3,3,420000,65340
4,3,440000,2722
2,1,249900,930
3,2,475000,10454.4
3,2,699900,34848
4,3,759999,1960200
3,3,594900,1734
6,4,725000,60548.4
4,4,1368185,265716
3,2,599900,11761.2
4,2,569900,10018.8
4,3,929000,10890
4,3,659900,2998
3,2,369900,4356
3,1,75000,6970
3,2,419000,22651.2
4,3,424900,17424
5,3,398800,6970
5,3,449900,10890
2,2,294900,871
3,2,267900,1497
5,3,899900,17859.6
4,3,374900,2661
3,3,629900,16117.2
3,1,115920,14810.4
3,2,315000,43560
3,2,309900,5663
3,2,162000,12632.4
4,2,235000,1779
4,2,575000,28314
2,2,290000,430808.4
3,2,105000,17859.6
3,2,99900,26136
3,2,210000,18295.2
4,3,499000,3197
4,3,199950,16988.4
3,2,174900,4356
3,1,175000,20473.2
3,3,399000,2811
3,2,175000,11761.2
3,2,229900,86248.8
3,2,239500,18295.2
5,3,499000,65340
3,2,374900,217800
3,2,1900000,8712
3,2,249900,1952
3,2,133600,18730.8
3,2,175000,10890
2,1,83900,87120
3,2,162150,14810.4
3,2,189333,13068
4,3,379900,20037.6
3,2,190000,21780
5,3,379000,21780
3,2,350000,23958
4,2,295000,265716
2,2,195000,23086.8
4,1,99950,52272
4,3,489000,261360
4,3,379900,100188
3,2,96000,12196.8
3,2,189900,54450
4,3,295000,39204
4,2,279900,1497
3,2,270400,1497
4,3,368327,2614
3,2,500190,2175
4,3,399220,2486
4,3,396276,2486
4,3,435070,2785
5,4,497976,3537
4,3,423017,2785
4,3,404958,2402
4,3,410911,2503
4,2,314400,1774
4,2,299900,1774
5,3,324975,2511
4,2,304900,2363
4,2,290400,1774
4,2,289900,1774
4,3,448010,2475
4,2,264900,1774
4,2,287595,1774
3,2,260400,1272
4,2,274900,1774
4,2,274900,1774
3,2,262400,1272
3,2,249400,1272
3,2,416700,2175
4,3,349900,2785
4,3,355170,2785
4,3,324900,2304
4,2,305300,2250
4,3,334900,2486
4,3,410142,2785
4,3,410142,2785
4,2,307125,2091
4,2,295364,1787
4,2,295364,1787
4,2,295364,1791
4,2,295364,1787
4,2,295364,1791
4,2,295364,1791
4,2,295364,1787
4,2,295364,1791
4,2,295364,1787
4,2,302476,2031
5,3,319900,2197
3,2,290284,1641
3,2,287284,1641
3,2,235000,14810.4
2,2,369900,11325.6
4,3,799000,958320
3,2,50000,28749.6
4,3,435000,2593
4,3,599900,2128
2,2,229900,21780
4,2,159900,209088
4,2,324000,19602
3,2,215000,60984
3,2,136700,13939.2
3,1,105500,43124.4
4,3,550000,178596
4,3,639900,17859.6
4,3,640000,95832
3,2,65000,1600
3,2,282500,30056.4
3,2,152900,130680
3,1,25000,26136
5,3,450000,435600
3,2,332500,74923.2
4,2,343500,14374.8
3,2,295000,10018.8
3,2,115000,48787.2
4,3,279900,14374.8
4,3,2395000,747925.2
4,2,310000,43560
3,3,399900,219106.8
4,2,219000,87120
4,3,479900,23958
2,2,119900,20037.6
5,4,480000,17859.6
4,2,224900,15681.6
3,2,175000,21780
4,4,250000,108900
2,2,167000,1742
4,2,124900,21344.4
5,4,925000,9583
2,2,139500,1456
3,2,175900,97138.8
5,6,1475000,36590.4
3,2,134900,18730.8
3,2,429900,152460
4,3,729000,19602
4,2,1599000,29620.8
2,1,265000,43560
3,2,312000,904741.2
3,2,165000,14810.4
3,2,150000,65340
5,4,199900,20908.8
3,2,659700,28314
5,2,275000,295772.4
4,2,364900,19166.4
3,2,279900,10890
3,2,204900,43560
5,4,580000,213444
2,2,350000,174240
3,2,49500,1200
3,2,329900,383328
5,3,799900,87120
3,2,279900,34848
4,2,425900,16552.8
3,2,315000,19166.4
3,2,225000,25264.8
2,1,34900,18295.2
3,2,80000,37461.6
3,2,249900,1428
4,2,299900,17859.6
3,1,359000,6970
3,2,208950,82764
5,3,965000,1843894.8
3,2,400000,10454.4
3,2,329900,7841
4,2,297000,11325.6
2,2,483483,6534
4,3,353230,14374.8
4,3,1089000,63597.6
4,3,439900,2612
2,1,117000,87120
4,3,459900,15246
3,2,239900,1494
3,2,385000,39639.6
3,2,1,25700.4
3,3,329900,78408
4,3,340105,10454.4
5,4,355500,18295.2
3,3,200000,17424
3,1,39000,39204
4,3,399000,10890
4,3,920000,653400
4,3,920000,653400
3,1,135000,6970
4,3,969000,130680
4,3,559900,14810.4
4,3,399455,2785
4,4,1095000,130680
3,2,265000,10018.8
3,2,334900,2270
5,2,260000,13068
4,3,477214,2486
4,3,497396,2785
2,2,419000,12632.4
2,2,325000,21780
3,2,215000,30492
3,2,254900,1650
4,3,595000,16117.2
4,2,284900,2037
4,2,375600,2315
5,3,353400,2511
4,3,311900,2108
4,2,296381,2250
4,3,329870,2304
4,2,360599,2682
4,2,391999,2568
5,3,698983,3722
7,4,705287,4088
5,3,720602,4291
4,2,317900,2306
4,2,295364,1791
4,2,264900,1791
4,2,303400,1774
4,2,295364,1787
4,2,295364,1787
5,2,379700,2632
5,2,379700,2632
5,2,381800,2632
4,2,549390,3217
4,2,394900,2815
4,2,395400,2815
3,2,99900,10454.4
4,3,457738,2486
4,2,276884,1915
3,2,429400,2619
3,2,429045,2619
3,2,438400,2619
4,3,485792,2912
3,2,550681,1811
3,2,299900,250905.6
3,3,299900,7841
3,2,380000,1943
4,2,525000,217800
3,2,240240,1355
3,2,223380,1147
2,2,475000,992
4,3,908574,12196.8
4,2,313610,2495
4,2,269830,1852
3,2,259900,1650
4,2,254970,1613
1,1,429900,678
3,2,239900,40075.2
4,2,308400,2174
3,2,379900,435600
3,2,115000,13068
3,2,230000,1089000
3,2,249900,5400
3,3,359900,2178
2,2,319900,1238
2,2,319900,4356
4,3,269900,21344.4
4,2,284900,16552.8
2,2,319900,4356
3,1,152900,95832
3,2,368900,1846
4,2,306900,1497
4,2,274900,1791
4,3,395220,2486
4,3,400706,2486
4,3,430722,2785
4,3,420722,2785
4,2,286349,2047
4,3,355400,2117
4,2,326900,1835
4,2,334900,1948
4,2,297981,2250
4,2,302476,2031
4,2,302476,2031
4,3,381230,2304
4,3,387428,2304
4,3,383428,2304
4,3,383428,2304
3,2,370510,1925
4,2,357230,1815
4,3,325459,2058
4,2,307400,1774
4,2,299900,20037.6
4,3,485900,2855
4,3,483471,3172
3,2,325730,1683
4,3,367730,2108
3,2,355900,2033
4,2,302125,2547
3,2,327810,1566
3,1,55000,16988.4
3,1,65000,13939.2
3,2,198900,1430
1,1,59500,14374.8
3,2,194900,1440
3,2,214900,4356
3,2,185000,9583
2,1,142400,6098
5,4,450000,500940
2,1,65000,11325.6
3,2,375000,22215.6
2,2,230000,1854
3,2,171500,1395
3,2,369900,522720
3,2,299000,30927.6
3,2,270000,1858
4,2,467500,66211.2
3,2,559000,1625
4,3,762900,16988.4
3,4,661068,1507
1,1,249900,420
4,2,311740,10454.4
4,3,573892,13939.2
4,4,459959,3405
4,2,273124,1387
4,2,331800,2175
6,3,609226,4286
4,2,278309,1915
3,2,289900,1641
4,3,399000,4487
3,2,327810,1566
3,2,289900,1814
4,2,398235,2120
4,3,739900,3028
5,3,471882,3076
4,3,477214,2486
5,3,501982,3113
3,3,574900,1616
3,3,574900,1616
3,3,574900,1616
4,1,159900,62290.8
4,2,159900,43560
4,2,260000,21780
4,2,289900,2047
4,2,229900,33976.8
3,2,76500,10018.8
4,3,227500,14810.4
3,2,295000,23958
3,1,97500,1044
3,3,369900,163350
2,1,135000,10890
3,2,300000,7405
3,2,279900,10890
3,2,319000,10890
3,2,221520,5968
4,4,495000,3200
4,3,449900,12196.8
3,2,329900,1648
2,2,186900,1040
4,3,425000,6970
3,2,459900,7405
5,4,624900,7841
3,2,242610,1355
5,4,925000,9583
4,2,377390,1961
4,2,391025,2120
4,2,390035,2120
3,2,135000,13068
5,2,69000,24393.6
3,1,149999,7627
3,2,329900,383328
2,2,225000,7514
3,2,199000,15681.6
3,2,229000,65340
4,2,169000,14374.8
4,3,340000,21780
4,1,165200,1913
3,1,225000,10454.4
4,2,299000,21780
5,3,399000,3323
3,2,275000,25700.4
3,2,449900,1742
4,2,319000,2099
4,3,729000,19602
3,2,650000,1001880
3,2,365000,7841
3,2,219900,871
3,3,369900,2718
3,2,339900,7405
4,2,699900,43560
5,3,333400,2511
4,2,293400,1774
4,2,280400,1497
5,4,2300000,71874
3,2,429000,8276
4,3,625000,35283.6
4,3,797000,1001880
4,3,392659,2751
4,4,449000,2853
5,3,445999,3132
3,2,163500,13939.2
4,2,60000,125888.4
5,2,199900,68389.2
3,2,235000,19602
3,2,175000,12196.8
3,2,200000,15681.6
3,2,235000,19166.4
3,1,164200,14374.8
4,2,301400,1774
3,3,295000,1970
4,2,250270,7871
3,2,344500,15246
4,3,519900,130244.4
3,2,279900,39204
5,3,549000,42253.2
3,2,349900,30492
3,2,299500,1516
4,2,599900,187308
5,5,899900,17424
5,4,1125000,14810.4
4,3,369900,2785
3,2,1215000,11761200
3,2,259900,1650
4,2,269900,1791
4,2,339900,2306
4,2,353000,2306
4,2,362900,2516
4,3,351650,2304
4,3,346900,2304
4,3,346900,2304
4,2,294900,2037
4,2,271525,1787
4,3,394200,2785
4,3,394900,2785
4,3,569900,13068
4,2,300000,2250
4,2,325252,1835
4,3,348650,2304
4,3,352900,2486
4,2,305230,1884
3,2,650000,8276
3,3,899900,15681.6
3,3,209900,43560
4,2,369900,2293
4,2,449900,92782.8
3,2,105000,8442
4,3,249900,261360
4,2,164500,87120
2,1,150000,32670
3,2,299900,7405
5,3,834999,9583
4,3,769900,115869.6
5,4,535000,12196.8
3,2,649700,1034
2,1,139900,10018.8
8,4,674900,14810.4
3,2,179900,609840
3,2,224900,35283.6
4,1,142000,21344.4
4,2,406999,21344.4
3,2,99900,126324
3,2,159900,87120
4,2,165000,11325.6
4,2,455000,16552.8
3,2,800000,1411344
3,1,120000,28749.6
2,2,119900,435600
3,2,268270,4356
4,2,765000,1228392
3,2,380000,10890
4,3,285000,4792
5,1,3600000,50311800
3,2,400000,871200
3,2,59000,15681.6
4,2,274000,13068
4,4,985000,65340
4,2,339000,21780
3,1,135000,43560
7,4,705287,63162
3,1,82500,43560
3,1,57500,32234.4
3,2,162500,43560
3,2,279900,20037.6
3,2,99000,23522.4
2,1,145000,37461.6
2,1,130000,165528
3,1,94900,6098
3,2,220000,43560
2,1,279000,78408
3,1,179000,412077.6
4,2,375000,326700
3,2,249900,1565
3,2,187000,1742
2,2,299000,9148
4,2,389900,7841
4,3,399900,2342
2,2,273900,1843
5,3,769000,5433
4,2,306900,16117.2
3,2,269500,1479
5,3,413000,9583
3,2,279900,10890
4,3,894980,16117.2
3,2,270000,1615
5,3,1232000,234352.8
4,3,899000,42253.2
1,6,1790000,4268
4,2,319990,1815
4,3,349990,2117
4,3,349990,2117
2,2,319900,1344
4,2,323990,1815
4,2,322490,1815
4,2,407065,1954
3,2,327810,1566
3,2,327810,1566
5,3,471882,3113
5,5,2300000,3298
5,3,501982,3113
4,2,325000,9272
4,3,549950,13068
5,4,575000,21780
5,2,98000,19166.4
5,3,389000,20473.2
3,2,18900,7710
3,2,365000,15681.6
4,2,539900,3039
3,2,379900,108900
2,2,225000,1228
3,2,149999,17859.6
3,2,248000,4792
3,1,135000,13503.6
3,2,160000,65340
4,4,858900,298386
3,3,899900,15681.6
5,3,649900,2990
4,3,489000,26136
5,5,595000,21780
3,2,169900,10890
3,3,209900,43560
4,4,648000,51400.8
3,4,616000,470448
4,2,449900,92782.8
3,2,105000,8442
4,3,249900,261360
4,3,339000,16552.8
4,3,725000,13068
2,1,150000,32670
2,1,139900,10018.8
4,3,769900,115869.6
3,2,116000,65340
4,3,474900,2908
3,2,385000,7405
3,2,299900,7405
3,3,649900,7841
3,2,179900,609840
4,1,142000,21344.4
4,3,320000,141134.4
4,2,369000,14374.8
2,2,147000,997
4,3,379000,2700
4,3,539905,2539
4,1,49900,7405
6,4,897000,225640.8
6,4,409900,74487.6
2,1,30000,19602
6,5,1299900,36154.8
5,4,1100000,17859.6
4,3,550000,23086.8
3,2,229900,1319
3,2,440000,960062.4
3,2,495000,1377367.2
2,1,70000,43560
2,2,199900,165528
7,4,960000,28314
4,2,395000,15681.6
5,4,899900,14374.8
5,4,518000,18730.8
3,2,689000,56628
3,1,69900,15681.6
3,2,177900,156816
3,2,339000,31363.2
5,2,374000,35719.2
3,3,350000,2280
4,3,499000,16552.8
3,1,174900,18295.2
2,1,29900,23522.4
3,2,135000,29185.2
4,4,550000,57934.8
3,2,299900,16988.4
2,1,329900,402930
3,2,550000,56192.4
2,1,89900,50529.6
2,2,259000,1011
4,2,569000,129808.8
4,3,350000,17424
4,2,82900,15681.6
4,2,939900,44866.8
3,2,499500,150717.6
4,2,220240,2496
4,3,649900,141570
4,3,750000,30492
3,2,339900,1971
4,3,388063,2322
4,4,477700,11325.6
3,2,260000,1960
4,2,61000,6970
4,3,469000,33541.2
3,1,119900,21780
4,6,1227000,827640
5,4,1200000,3739
6,3,225000,871200
3,2,409900,14810.4
3,2,115000,4792
3,2,260000,14810.4
2,1,64900,46173.6
5,4,399900,4260
5,4,559000,3829
5,4,599900,12196.8
2,2,225000,20473.2
3,2,459000,22215.6
4,3,384900,13503.6
2,1,65000,19166.4
4,2,409900,43560
4,2,288000,21780
3,2,139000,11761.2
5,5,2850000,114562.8
5,3,199000,29185.2
3,2,259000,5227
5,3,869000,1306800
4,3,599000,4117
2,2,299900,247856.4
2,1,59000,56628
3,2,99900,58370.4
4,3,229900,41817.6
3,2,115000,40510.8
3,2,279900,18295.2
2,1,49500,8276
4,2,259900,23086.8
4,2,395000,36590.4
3,2,359900,10018.8
2,2,399000,1522
3,2,549000,10454.4
3,3,273000,1424
3,2,339900,28314
3,2,349900,2270
3,3,329900,1370
3,2,699000,5227
1,1,568000,800
4,3,509900,17859.6
3,2,389999,11761.2
3,2,364799,12196.8
4,3,465299,14374.8
4,2,403699,11325.6
5,4,475099,17859.6
3,2,269900,34412.4
3,2,270000,28749.6
4,3,699900,287496
5,3,1250000,21344.4
5,4,399900,32670
4,2,360000,2546
3,2,199900,8276
3,2,285000,17424
2,1,65000,19166.4
4,2,159900,348480
3,2,174900,14810.4
2,2,400000,1167408
4,4,1249000,553212
3,1,65000,21780
5,3,499900,19602
3,3,199900,246985.2
3,2,149900,454330.8
3,3,339000,9583
4,3,745000,26571.6
3,2,69900,14810.4
3,2,299900,9583
3,2,98000,100188
4,3,474900,19602
4,2,289900,91476
4,3,284900,112820.4
3,3,589900,5227
3,3,424900,85813.2
3,2,199900,13939.2
3,3,225000,12196.8
3,2,149900,27007.2
3,2,589997,38332.8
2,1,79900,40510.8
4,2,325000,1958
4,3,249000,113256
3,3,249900,135036
2,3,153000,104979.6
1,2,124900,90604.8
3,2,344900,21780
4,3,522390,54885.6
3,3,1250000,46609.2
3,2,279900,33976.8
3,2,200000,1954
4,2,99000,14374.8
5,3,145000,14810.4
5,3,530000,16117.2
6,3,269000,95832
3,2,225000,31798.8
3,2,275000,24829.2
3,2,139900,10890
4,2,289900,1961
2,2,140000,8276
6,7,4500000,1562497.2
5,2,574900,3523
4,2,299900,2062
4,2,305000,1752
3,2,180000,10454.4
4,2,145000,20037.6
3,2,259900,14374.8
3,1,65000,7405
4,3,269900,448668
2,2,389900,960
3,1,114000,348480
3,2,179000,16117.2
5,3,389000,20473.2
5,4,575000,21780
5,2,98000,19166.4
3,1,75800,747
4,3,549950,13068
4,2,325000,9272
4,2,180000,20908.8
4,2,539900,3039
3,2,379900,108900
2,2,225000,1228
3,2,149999,17859.6
4,3,224500,228690
3,2,248000,4792
4,4,858900,298386
5,2,589000,18730.8
5,5,595000,21780
5,4,40000,47044.8
4,3,210000,31798.8
3,1,169900,19166.4
3,2,230000,41817.6
3,2,225000,15246
3,2,245000,23086.8
2,1,40000,938
4,2,345000,23958
3,2,204900,11325.6
2,1,259000,19602
3,1,100000,8085
2,2,369900,11325.6
3,3,375000,18730.8
3,2,219900,7305
3,2,209900,1452
3,2,299900,10890
2,2,135500,1050
3,2,345000,1307
3,2,262645,1740
3,1,274000,1981
4,2,371131,2250
2,2,249000,1236
5,4,483850,13068
3,3,795000,1531
4,2,286349,2047
4,2,286349,2047
4,3,383880,2104
2,2,899000,1368
4,3,457738,2486
4,3,512568,2785
4,2,337270,1954
4,2,295364,1787
4,2,344160,2022
3,2,351430,1696
3,2,368050,1765
3,2,301600,1656
3,2,322900,1848
3,2,316975,1771
4,2,278309,1915
4,3,433700,2332
4,3,450000,60984
3,2,195000,10454.4
3,1,144500,12632.4
2,1,129000,10018.8
5,3,71299,25264.8
3,2,265000,8712
3,2,249000,8146
3,2,169900,30492
3,2,439900,2451
3,2,169990,12632.4
3,2,35000,7405
4,2,295364,1787
3,2,369000,36154.8
3,2,210000,13068
3,2,254900,20908.8
4,2,249900,296643.6
4,2,399000,77536.8
3,2,250000,8500
5,4,486850,13068
3,1,120000,9296
3,2,750000,5227
2,1,85000,23958
3,2,337938,7841
6,3,570000,33105.6
4,2,247000,54450
3,2,155000,11761.2
3,1,63000,16552.8
4,2,289900,10018.8
4,3,494900,23086.8
4,3,539900,2845
3,2,135000,18295.2
3,2,129000,25700.4
4,4,350000,225640.8
4,3,425000,16552.8
4,5,1690000,6000
5,3,499900,77101.2
3,1,50000,44431.2
3,3,331900,222156
5,3,399900,9148
3,2,195000,15246
3,1,144900,1027
3,1,179900,160736.4
3,1,119900,9143
3,2,79900,5171
4,2,305000,19166.4
3,2,119900,6534
4,2,275000,25264.8
3,2,157900,20037.6
3,1,175000,43560
4,2,289900,10454.4
3,1,140000,11761.2
4,3,389900,23086.8
3,2,299000,16988.4
3,1,229900,9583
2,1,35000,9549
4,3,350000,34848
4,3,479900,23958
4,2,395900,51400.8
3,1,89500,13068
3,2,899000,15681.6
4,3,359900,18730.8
2,1,59900,10018.8
5,3,879900,348480
3,2,347900,15246
2,2,289900,1486
2,2,775000,1602
3,2,274850,5227
4,3,569000,12632.4
3,2,785000,1392
4,2,277150,1820
4,3,474900,2536
3,2,429900,11761.2
3,2,429900,10890
4,3,484900,7252
4,3,849900,13939.2
3,2,199999,43560
4,2,174900,21344.4
3,2,159900,152460
2,2,237000,50529.6
3,2,140000,77101.2
5,4,479900,350222.4
4,4,394000,17859.6
2,2,198000,6543
2,1,115000,2614
3,3,229900,14374.8
5,4,1595000,43560
4,2,279900,32670
2,1,55000,1357
4,3,249900,15246
3,2,225000,8712
4,3,517000,16552.8
4,4,235000,1877
2,1,125000,1219
2,2,189900,950
4,2,965000,853776
3,2,220000,1300
3,3,1250000,46609.2
3,2,150000,240
4,3,749500,5220
4,3,449900,9148
3,2,324900,7841
4,4,934900,28314
2,1,299000,1025
3,2,277850,6098
4,2,349900,13068
3,3,1079000,2102
3,2,268270,4356
3,3,999000,30927.6
3,2,221120,4356
4,3,484900,9148
3,2,245570,4356
4,2,474900,2432
4,3,484900,2497
3,2,327810,7841
4,4,985000,65340
3,2,189000,540
3,1,135000,43560
3,2,285000,81457.2
3,2,59000,15681.6
5,1,3600000,50311800
3,2,400000,871200
4,2,339000,21780
5,4,339900,3500
4,2,338000,31363.2
5,3,825000,455637.6
7,4,705287,63162
3,2,175000,114127.2
3,2,169900,489178.8
4,2,950000,6141960
4,2,125000,15246
3,2,899900,130680
3,2,207000,4356
3,3,469900,22215.6
3,2,219900,43560
4,2,390000,20037.6
3,2,224900,1308
2,2,649000,871200
3,2,145000,174240
2,2,224900,5112
3,2,210000,24829.2
2,1,79900,1250
4,5,849900,61855.2
4,3,285000,3000
2,2,489900,216928.8
3,1,169900,43560
5,5,6000000,80586
3,2,364900,2359
3,2,185000,20037.6
5,4,569000,41382
3,2,128000,7492
3,3,355000,15246
3,2,174900,26136
3,2,199900,1723
3,2,190000,14374.8
2,1,119900,10018.8
4,2,299900,1846
3,1,131000,7405
2,1,109200,7405
3,2,309900,1796
3,2,200000,24393.6
3,1,119000,10454.4
4,3,399455,2785
4,3,349900,2785
4,2,339900,2306
4,2,284595,1791
4,3,324900,2304
4,3,324900,2304
4,2,294900,2037
3,2,264900,1650
3,2,257900,1650
3,2,269900,1650
4,2,284900,2037
4,2,264900,1791
3,2,254900,1650
4,2,279900,1791
4,2,362900,2516
5,2,320000,55321.2
3,2,254985,21780
4,2,264900,1791
4,2,279900,1791
4,3,365400,2495
4,2,264900,1791
4,3,337900,2486
4,3,381900,2785
4,2,302117,2547
5,3,467382,3076
5,3,471882,3113
4,2,289000,130680
3,2,199900,13939.2
2,1,129000,28314
3,2,164900,101494.8
3,2,215000,1216
3,2,235000,13939.2
5,3,255000,32670
3,1,110000,8211
4,2,155000,6098
4,2,219900,19166.4
3,2,169900,43560
4,3,1,5500
4,2,179900,43560
3,2,349900,100188
3,2,1750000,3571920
4,3,320000,13503.6
2,1,175000,8712
4,4,1399000,30492
5,2,315395,2618
3,2,81900,1200
5,3,320395,2511
7,7,3900000,79279.2
4,2,997500,20037.6
3,2,350000,22215.6
2,2,189500,1010
3,2,285057,1620
4,2,298400,1846
5,3,975000,11325.6
4,3,360750,2117
3,2,649000,1742
2,2,572000,1042
4,2,629000,1804
4,3,359900,2496
4,3,599000,4117
2,1,66500,7841
3,2,339000,1837
2,1,59000,56628
2,2,299900,247856.4
2,2,129000,64468.8
4,2,379000,21780
3,2,159900,22215.6
4,3,319000,15246
2,2,110000,14810.4
3,1,30000,4792
4,3,349900,784080
3,2,99900,11761.2
6,2,624900,20908.8
5,1,399000,344124
3,1,334900,156816
2,1,64900,19166.4
3,2,267000,23522.4
3,1,245000,14810.4
2,2,325000,227383.2
3,2,246700,15246
4,2,300000,69696
3,2,145000,15246
3,2,475000,15246
6,3,385000,25700.4
3,2,99900,9148
2,2,498000,2275
3,2,339900,2302
3,1,154900,1425
3,2,319900,14810.4
3,2,299000,43124.4
4,2,270250,7841
4,2,245000,11761.2
1,1,169900,474804
3,3,339000,27442.8
3,2,226900,20037.6
3,2,111000,19602
4,2,65900,1563
2,1,29700,12196.8
3,2,235000,43560
4,3,775000,50094
2,1,144900,17859.6
3,1,100000,6970
2,1,229900,60112.8
3,1,120000,1131
4,3,375000,158558.4
3,1,124134,8555
3,2,339000,26136
2,1,44900,7405
2,1,124900,14810.4
3,2,235000,6970
4,3,199000,5900
4,1,179000,15246
4,4,799750,19602
5,3,499000,44866.8
5,3,420000,6098
4,3,550000,20037.6
4,3,341857,9300
4,3,429900,11325.6
4,3,420900,11761.2
4,3,457122,2304
3,1,99990,352836
5,4,2950000,78408
4,2,399000,64904.4
4,2,220000,20473.2
4,2,60000,125888.4
5,2,339000,27007.2
4,3,669900,25264.8
3,2,74000,14374.8
4,3,351252,2265
3,2,259900,1583
3,2,279000,1419
5,3,449900,39639.6
2,1,10000,33105.6
4,3,399000,217800
3,3,925000,2484
3,2,274950,10890
3,2,225000,15246
4,2,265000,27878.4
4,3,406620,3000
4,2,220000,17859.6
5,4,1795000,33541.2
4,3,429900,9148
2,1,69900,87120
5,4,420000,8712
3,2,485000,166834.8
3,2,325000,10454.4
4,3,360000,3374
3,2,249000,4356
5,4,799000,143748
4,2,74900,13068
4,2,209900,19166.4
3,2,88500,79279.2
4,2,389900,10890
3,2,299900,2283
5,4,950000,17424
4,3,400000,47480.4
4,2,385333,13068
4,2,429900,256568.4
3,2,17000,41382
5,4,4500000,217800
6,5,1475000,1568160
3,2,115900,43560
4,3,279850,10018.8
3,2,169000,10454.4
2,2,160000,230868
4,3,299850,5053
3,2,219900,26136
3,1,144000,20037.6
5,4,599000,435600
3,1,169900,46173.6
3,1,30000,8276
3,1,100000,10890
3,1,79900,15246
4,2,275000,31798.8
3,1,164900,32234.4
5,4,472500,14810.4
4,2,249900,18730.8
5,2,370000,2708
4,2,485000,15681.6
3,2,279900,6098
3,3,349000,16552.8
3,2,224900,12196.8
4,2,839900,23522.4
4,3,289850,6534
4,3,289850,5227
5,6,1250000,54885.6
5,3,449900,11761.2
3,2,345000,6875
3,1,249900,1655280
3,2,337938,7841
4,3,497396,2785
4,3,497396,2785
3,2,30000,13503.6
3,2,175000,49222.8
4,2,78000,13068
5,3,275000,217800
3,1,135000,16552.8
3,2,196900,13068
3,1,115000,10454.4
4,2,210000,10454.4
4,2,210000,10454.4
3,2,259900,11325.6
3,1,109900,9583
3,2,259900,21344.4
4,2,170000,19602
3,2,210000,1332
3,2,234000,29620.8
3,2,299900,11761.2
4,2,225000,21344.4
3,3,270000,21780
3,2,249000,18730.8
4,3,396900,40510.8
4,3,410000,21780
2,1,359000,872506.8
4,2,319000,6970
5,3,353250,2511
3,2,379900,1881
3,2,369900,21780
2,1,1,6250
4,2,319900,2117
3,2,246180,5663
4,4,799900,94089.6
3,2,219530,5663
3,2,221290,5663
4,3,1215000,130680
6,3,420000,13503.6
3,2,379220,10890
3,2,260000,8276
3,3,1265000,2102
4,2,263510,7841
4,3,457122,2304
3,2,359900,12196.8
4,2,349900,11325.6
3,2,265000,14810.4
2,2,435000,164221.2
2,1,80000,13068
3,1,79900,7841
4,3,477214,2486
2,2,129500,112384.8
5,2,296395,2618
4,2,394675,2250
2,2,199900,27007.2
3,2,225100,5663
2,2,385000,1287
3,2,279900,2175
8,4,674900,14810.4
4,2,289900,1774
2,1,119900,39204
3,1,129900,7841
3,1,120000,29185.2
2,1,83500,12632.4
5,3,235000,21780
2,2,340000,735
3,1,65000,6098
3,1,115135,11325.6
4,2,199900,43560
4,2,367900,2117
4,2,339900,2117
3,1,69900,7405
3,3,1415000,1770
3,2,284250,9148
4,2,274000,13068
4,2,290000,13939.2
4,3,146000,2382
2,2,124900,23958
4,2,261400,5663
3,2,279000,27878.4
3,2,195000,11761.2
4,2,237200,6534
4,2,341885,2191
2,2,909999,34848
4,3,408368,2495
3,3,275000,29620.8
5,4,1300000,6416
3,2,228745,6098
3,3,349000,27007.2
3,2,287620,6098
3,3,639000,2988
4,2,263400,5663
3,2,150000,29620.8
4,2,354500,2350
4,2,258400,5663
3,1,229000,16988.4
2,2,309902,1237
2,2,339362,1237
4,2,326900,8276
3,2,360720,1237
3,2,276260,5663
4,3,359900,15246
4,3,639900,2775
4,3,535000,10454.4
2,1,45000,1621
5,3,484900,27878.4
3,1,150000,1272
4,2,270250,7841
3,3,328685,10018.8
3,2,239900,1615
3,2,279500,27878.4
4,2,274900,19602
7,7,2800000,5169
4,2,285000,87120
4,2,105000,149410.8
2,2,129000,64468.8
5,4,519900,6534
2,2,129000,64468.8
3,2,349900,60984
3,2,69900,26136
5,3,459900,101059.2
2,2,379000,1940
3,2,135000,23522.4
3,2,129000,45738
5,3,459900,101059.2
3,2,85000,9148
4,3,449000,17424
3,1,159000,10890
4,3,548500,8712
3,2,217500,19602
2,1,137147,47916
4,2,379900,18295.2
2,2,565000,1236
3,2,259900,1980
3,2,334000,27007.2
3,1,109900,850
4,2,199950,19602
3,2,225000,1504
4,2,124900,14810.4
4,2,249900,1387
3,2,329900,32670
2,2,150000,17424
5,3,529900,25264.8
3,2,63500,40075.2
4,2,237900,15246
3,2,135000,37461.6
1,1,345000,994
4,2,265900,1497
2,1,169000,43560
3,2,375000,1945
3,2,175000,11761.2
2,2,575000,18295.2
3,2,199900,1723
3,1,40000,10454.4
2,1,215900,56628
3,2,260000,11325.6
4,2,569900,27442.8
3,2,129500,39204
4,2,544900,2815
2,1,69000,7135
4,3,477555,2377
4,3,699900,287496
5,4,929000,32670
3,2,625000,8276
3,2,262640,56628
2,2,125000,43560
3,1,109900,19166.4
3,1,124500,14374.8
3,2,129900,25700.4
3,1,49500,20037.6
3,2,85000,11761.2
3,2,242980,5663
2,1,132900,15246
3,2,235000,40075.2
3,2,244000,6970
4,2,279900,435600
7,4,374900,37461.6
3,1,115000,18730.8
3,1,165000,28314
4,2,209900,16117.2
2,2,165000,1400
4,2,210000,26136
5,4,399900,4260
4,3,559000,240451.2
4,3,340000,13068
2,2,435000,1216
2,1,134900,1056
2,1,289900,1224
4,2,499900,65340
3,2,341900,8712
3,2,799900,86684.4
4,2,344500,10890
4,2,345000,14374.8
3,2,334900,8276
3,3,715000,2200
3,2,267903,21780
3,2,419000,108900
3,2,419000,108900
4,2,286110,21780
3,2,449900,1692
2,2,599000,1236
4,2,1250000,21344.4
4,2,260000,1837
3,2,231540,4356
3,2,245000,8712
3,2,237360,4356
3,2,290000,16117.2
3,2,239000,13068
4,3,239000,21780
2,2,199900,1384
3,2,115000,127630.8
3,3,199000,435600
4,2,429000,29620.8
3,1,115000,10890
3,2,239000,1527
3,2,185000,1195
4,2,424850,20037.6
5,4,649000,34412.4
5,3,174900,827640
3,2,235000,74052
3,2,248900,10018.8
4,3,395000,217800
3,2,224900,36154.8
3,2,130900,1412
3,2,194900,21780
3,2,179900,871
1,1,395000,436
4,4,724900,23522.4
3,2,1075000,31798.8
3,1,94900,16988.4
3,2,259900,1497
2,2,325000,1239
4,3,325000,44431.2
3,1,84900,7405
4,2,290750,2037
4,2,269900,1791
3,2,259900,1650
4,2,269900,1791
3,2,259900,1650
3,2,325000,15246
4,2,272808,1791
3,2,170000,18730.8
2,2,179000,579348
3,2,169000,18730.8
2,2,170000,94089.6
3,1,60000,19602
2,1,139900,22215.6
3,2,264600,6534
3,2,299900,8712
2,1,149900,27007.2
3,2,224900,1308
2,1,59900,7405
3,1,71000,6534
5,3,409900,11761.2
4,2,294900,1774
3,2,364000,18295.2
4,2,329900,1774
5,4,535000,12196.8
4,3,483000,8712
3,2,329000,20908.8
3,2,259400,1343
4,2,345900,9583
4,2,279280,1791
4,4,3900000,4756
5,3,341900,2511
4,3,390900,2785
5,4,1750000,2555
4,2,369900,2572
3,2,352300,1887
4,2,359230,1815
3,2,371880,2033
4,3,374900,2273
3,2,179900,21780
3,2,574000,3136320
4,3,399899,2667
4,3,457738,2486
2,2,789900,21780
5,3,445999,3132
4,2,441250,2306
4,2,286395,1774
4,2,299900,1774
4,4,524900,39204
5,2,342400,2618
3,2,337680,2033
4,3,284900,1964
6,3,412396,3144
4,2,359900,2572
4,3,356460,2117
3,3,375000,2718
3,3,374900,2718
4,3,389990,2907
3,2,153900,43560
3,3,769000,4871
4,3,349990,2117
4,2,353000,2306
3,1,75000,39204
4,2,362900,2516
4,3,374900,2661
4,2,362900,2516
4,2,353000,2306
4,3,344990,2117
4,2,328725,2180
3,2,269848,39204
4,3,336860,2108
3,3,309118,2326
4,2,286395,1774
3,2,299900,1740
4,2,357432,2572
4,3,339035,2108
5,4,699900,8276
5,3,325000,14374.8
3,1,99900,103237.2
2,2,55000,30492
3,2,265000,8276
2,2,139999,1066
5,3,279900,24393.6
3,2,299000,43995.6
1,1,89900,720
3,2,210000,36590.4
3,2,298000,1618
3,2,264900,7405
5,3,495000,15246
4,3,252000,14810.4
3,2,235000,7405
3,2,98000,100188
3,2,296900,6098
3,2,255000,21344.4
4,2,572500,10454.4
3,2,236000,21780
4,3,499000,16552.8
3,2,490000,1260
4,2,339100,1774
2,2,340000,2614
4,3,775000,87991.2
4,3,555228,2526
4,2,293975,2018
3,2,250000,21780
3,2,119900,1842
2,1,42500,15681.6
3,1,145000,45738
2,1,275000,43560
4,2,115000,16117.2
3,2,189900,10454.4
3,2,134000,8756
5,4,619900,27878.4
3,2,284900,9148
3,2,179900,1196
3,2,220000,1782
5,3,459900,29620.8
4,3,459000,23958
2,2,216000,436
3,2,331704,2035
3,2,268500,1926
3,2,399900,228690
1,1,214900,555
5,4,1089689,4350
4,3,666303,12196.8
3,2,149900,27007.2
3,2,225000,17424
2,2,215000,74052
3,1,95000,16988.4
2,1,129900,43560
3,2,95500,1014
2,1,139900,9148
2,1,49900,6098
2,1,35000,3485
3,2,119900,216057.6
4,2,274900,14810.4
3,2,275000,20037.6
4,2,229700,2138
4,2,290000,18730.8
2,1,259900,19166.4
3,2,319900,7841
4,4,569000,16552.8
3,2,259000,10018.8
4,2,210000,10454.4
4,2,325000,9272
2,2,480000,871
5,5,790000,16117.2
3,2,307000,2215
4,2,318900,1815
5,3,672124,3942
2,2,79900,10454.4
4,2,599900,187308
4,3,584900,3490
4,2,348000,12632.4
3,2,234900,44431.2
2,2,159900,34848
4,3,381900,2785
3,2,269900,47916
4,3,619900,3710
4,4,599900,3580
4,3,869999,3248
4,3,904999,3149
3,3,775000,1321
4,2,499900,2784
4,3,590900,3490
3,2,249900,4356
4,2,292500,13068
4,2,700000,37026
4,2,143000,12632.4
3,2,275000,27007.2
3,1,154900,82764
2,2,209000,130680
5,4,698999,3489
3,2,50000,1492
3,1,85000,13068
3,1,149900,67953.6
3,2,298500,10454.4
5,3,729999,3722
4,4,543900,3220
4,3,548900,3270
4,2,234900,1425
3,2,199010,1143
6,3,759999,4286
3,3,94900,6970
3,2,159900,15246
4,3,834999,3015
3,1,124900,74923.2
4,3,370000,11325.6
4,3,379900,166834.8
4,2,190000,1445
3,1,129000,46173.6
3,2,69900,9583
3,1,169900,43560
4,2,269000,2246
4,2,164999,8276
3,1,68000,5663
3,1,164900,78408
3,2,235000,14810.4
4,3,204900,2245
3,3,825000,24393.6
3,2,299900,9583
2,2,119900,2349
4,2,303300,1774
5,2,315395,2618
4,2,351099,2047
5,3,518900,2511
4,2,544190,3217
4,2,334900,6970
4,2,478000,13068
4,3,509000,13068
4,2,305900,2091
4,2,305900,2091
4,3,356460,2117
4,3,343900,2304
4,3,324900,2304
4,3,334900,2304
4,2,295364,1787
4,3,366900,2785
3,2,275095,1497
4,2,330660,1964
3,2,455000,13068
3,1,129900,43560
2,1,64900,24829.2
3,2,269900,6534
2,2,119900,19166.4
4,2,295000,270072
3,2,199000,209088
3,2,249900,16988.4
2,2,209900,110642.4
4,2,425000,50094
3,2,279900,65340
3,2,129900,3237
4,3,379500,23086.8
3,2,299329,6125
3,1,154900,9148
4,2,299900,148104
3,2,289000,20908.8
3,2,169900,8712
3,2,290000,9114
3,2,389900,6098
4,2,285000,14810.4
3,2,515000,2178000
4,2,209900,1623
3,2,259900,20037.6
4,3,445000,6534
3,2,299900,21780
3,2,244900,1536
3,2,350625,8100
4,3,750000,2599
4,2,299850,7405
4,2,325000,15681.6
4,3,489000,13068
4,3,395625,8712
4,3,480000,29620.8
3,2,469900,1610
3,2,399000,13068
4,2,550000,1607364
3,2,420000,13068
2,1,385000,520
4,2,321180,1835
3,2,425000,13068
4,2,328182,1835
3,2,79900,94525.2
3,1,175000,20473.2
4,2,340000,479160
2,1,70000,1020
3,2,145000,18730.8
3,2,277563,42253.2
3,2,129900,14810.4
4,2,65000,10018.8
3,2,225000,10454.4
3,1,129900,1730
3,2,176000,14374.8
3,2,210000,10890
4,2,292000,17859.6
3,1,180000,17424
3,2,269999,85813.2
5,3,449000,87120
3,2,224900,9148
6,5,1100000,29185.2
5,4,505000,12632.4
3,2,445095,2040
4,3,750000,56628
4,2,499900,16988.4
5,4,1575000,34848
3,2,369000,7841
3,2,269000,10454.4
3,2,303445,10890
3,2,317640,436
5,3,739900,29620.8
4,2,284900,1791
3,2,214900,6534
3,2,316725,8100
2,3,1110000,1549
2,2,589900,2022
5,3,359900,82764
4,3,454000,44866.8
4,3,389900,2584
4,3,310000,8276
3,1,99000,14810.4
5,5,1150000,37461.6
3,3,729000,1518
4,3,349115,2377
1,1,349900,123274.8
3,2,689000,56628
4,3,449000,14810.4
3,2,274900,10890
4,3,383230,2104
3,2,149000,30492
4,3,494900,2885
3,2,459000,717868.8
4,2,269900,21344.4
3,2,137000,12196.8
4,2,164500,87120
4,2,189000,7841
3,2,415000,1772
3,2,180000,10454.4
4,2,249900,1387
3,2,309790,2231
5,1,399000,344124
5,4,799000,125888.4
7,4,799900,37026
4,2,137500,15681.6
3,2,164999,1233
4,2,275000,10890
5,2,485000,8276
3,2,785000,1376
4,2,375000,37461.6
3,2,374900,4356
3,1,119900,15246
